{"cameraMode":{"drawMode":0,"name":"Shaded","section":"Shading Mode"},"sceneLighting":true,"audioPlay":false,"sceneViewState":{"showFog":true,"showMaterialUpdate":false,"showSkybox":true,"showFlares":true,"showImageEffects":true,"showParticleSystems":true},"in2DMode":false,"pivot":{"x":-22.402484893798829,"y":-17.155593872070314,"z":1.175431251525879},"rotation":{"x":-0.1913033276796341,"y":0.74997878074646,"z":-0.2458825260400772,"w":-0.5835043787956238},"size":35.35737991333008,"orthographic":false}